N,imageID,URL,anaglyphURL,Deskrifans,Dorhys,Dorhys180,Dorles
1,ESP_043089_2075,http://www.uahirise.org/kw/ESP_043089_2075,http://www.uahirise.org/anaglyph/singula.php?ID=ESP_043722_2075,Nasyow kylghyek ynter Arcadia Planitia hag Amazonia Planitia,181,-179,27
2,ESP_051779_1405,http://www.uahirise.org/kw/ESP_051779_1405,,Gwelifurvow Dhe Les ogas ha Digudhansow a Garbonayt,182,-178,-39
3,ESP_043036_2275,http://www.uahirise.org/kw/ESP_043036_2275,https://www.uahirise.org/anaglyph/singula.php?ID=ESP_043102_2275,Kowdoll gans Terras Dewblek yn Arcadia Planitia,183,-177,47
4,ESP_051752_2480,http://www.uahirise.org/kw/ESP_051752_2480,,Tiredh dhe’n West a Scandia Tholi,184,-176,67
5,ESP_051818_2305,http://www.uahirise.org/kw/ESP_051818_2305,,Ow Korwolyas Savnow a Gowdoll Strekys,184,-176,50
6,ESP_051858_1445,http://www.uahirise.org/kw/ESP_051858_1445,,Remenans Possybyl a Dardhellow Loskvenydhyek,185,-175,-35
7,ESP_043049_2440,http://www.uahirise.org/kw/ESP_043049_2440,,Tiredh Gwastatiryow Gogledh,187,-173,64
8,ESP_051792_1445,http://www.uahirise.org/kw/ESP_051792_1445,,Kanolyow y’n Ranndir Gorgonum Chaos,188,-172,-35
9,ESP_051871_1460,http://www.uahirise.org/kw/ESP_051871_1460,,Devnydh a Liw Gwann yn Kres Kowdoll yn Bason Deray Gorgonum,189,-171,-34
10,ESP_051739_1580,http://www.uahirise.org/kw/ESP_051739_1580,,Kloridys Galladow y’n Plenys ynter Kowdell,191,-169,-22
11,ESP_046214_2025,http://www.uahirise.org/kw/ESP_046214_2025,,Le Strekys A-dhewedhes Potencyal,192,-168,22
12,ESP_051818_1655,http://www.uahirise.org/kw/ESP_051818_1655,,Amal a Gowdoll Strekys Diredhys Meur,193,-167,-14
13,ESP_042996_2210,http://www.uahirise.org/kw/ESP_042996_2210,http://www.uahirise.org/anaglyph/singula.php?ID=ESP_043273_2210,Kowdoll Liesterrashes Possybyl yn Arcadia Planitia,198,-162,41
14,ESP_051844_1735,http://www.uahirise.org/kw/ESP_051844_1735,,Ow Korwolyas Savla Strek Kowdoll Nowydh,202,-158,-6
15,ESP_051857_2210,http://www.uahirise.org/kw/ESP_051857_2210,https://www.uahirise.org/anaglyph/singula.php?ID=ESP_051923_2210,Savla Tira Ombrofyer rag “Red Dragon” yn Arcadia Planitia,202,-158,41
16,ESP_051804_2355,http://www.uahirise.org/kw/ESP_051804_2355,,Kowdoll Strekys Teg,207,-153,55
17,ESP_046213_2360,http://www.uahirise.org/kw/ESP_046213_2360,https://www.uahirise.org/anaglyph/singula.php?ID=ESP_045989_2360,Tiredh Omblegys ha Ribinow Doust,209,-151,56
18,ESP_051857_1650,http://www.uahirise.org/kw/ESP_051857_1650,,Savla Strek A-Dhiwedhes Ombrofyer,209,-151,-15
19,ESP_043088_1915,http://www.uahirise.org/kw/ESP_043088_1915,,Dihevelepterow tirwedhek dhe les yn Amazonis Planitia a'n howldrevel,211,-149,12
20,ESP_046200_1930,http://www.uahirise.org/kw/ESP_046200_1930,https://www.uahirise.org/anaglyph/singula.php?ID=ESP_045343_1930,Stockys Ynklinys a Welidor Gwiskasek,213,-147,13
21,ESP_051870_1505,http://www.uahirise.org/kw/ESP_051870_1505,,Tirwedhow dhe'n Soth a Sirenum Fossae,215,-145,-29
22,ESP_043087_2605,http://www.uahirise.org/kw/ESP_043087_2605,,Tewynnow gans lesansow godhosel dhe les,217,-143,80
23,ESP_051803_2605,http://www.uahirise.org/kw/ESP_051803_2605,,Tewynnow gans Gwynsellow a Wodhes,217,-143,80
24,ESP_051817_1975,http://www.uahirise.org/kw/ESP_051817_1975,,Kryghyow Tewl yn Tiredh Didheurek,217,-143,17
25,ESP_051751_1975,http://www.uahirise.org/kw/ESP_051751_1975,https://www.uahirise.org/anaglyph/singula.php?ID=ESP_051751_1975,Tiredh Dhe Les war an Gurun a Olympus Mons,218,-142,17
26,ESP_043061_2415,http://www.uahirise.org/kw/ESP_043061_2415,,Kneghow war Wastatiryow a'n Gogledh,220,-140,61
27,ESP_046200_1410,http://www.uahirise.org/kw/ESP_046200_1410,https://www.uahirise.org/anaglyph/singula.php?ID=ESP_055206_1410,Klorid ha Tewynnow yn Terra Sirenum,221,-139,-39
28,ESP_040543_1470,http://www.uahirise.org/kw/ESP_040543_1470,https://www.uahirise.org/anaglyph/singula.php?ID=ESP_040543_1470,Liv Lava yn Daedalia Planum,222,-138,-33
29,ESP_051883_1430,http://www.uahirise.org/kw/ESP_051883_1430,,Skeus orth Fos Kowdoll,223,-137,-37
30,ESP_043008_1990,http://www.uahirise.org/kw/ESP_043008_1990,,Kerrek Arenep yn Tiredh Est a Olympus Mons,233,-127,19
31,ESP_042995_1570,http://www.uahirise.org/kw/ESP_042995_1570,,Frosow Lava yn Daedalia Planum,234,-126,-23
32,ESP_043034_2485,http://www.uahirise.org/kw/ESP_043034_2485,,Direwans a'n Seson war an Planet Rudh,234,-126,68
33,ESP_051856_1990,http://www.uahirise.org/kw/ESP_051856_1990,https://www.uahirise.org/anaglyph/singula.php?ID=ESP_051856_1990,Kanel dhe’n Est a Olympus Mons,234,-126,19
34,ESP_051790_1570,http://www.uahirise.org/kw/ESP_051790_1570,,Frosow Dhyworth Kanel a Droghas Amal Kowdoll ha Fos yn Daedalia Planum,239,-121,-23
35,ESP_051803_1810,http://www.uahirise.org/kw/ESP_051803_1810,,Pytt ogas dhe Arsia Mons,241,-119,1
36,ESP_051869_1725,http://www.uahirise.org/kw/ESP_051869_1725,,Bagas a Byttow yn Arsia Chasmata,241,-119,-7
37,ESP_051882_2040,http://www.uahirise.org/kw/ESP_051882_2040,https://www.uahirise.org/anaglyph/singula.php?ID=ESP_051882_2040,Enys Kolonnys gans Kowdoll yn Park Fros Lava,241,-119,24
38,ESP_043021_1775,http://www.uahirise.org/kw/ESP_043021_1775,,Pyttow ha Torrvaow dhe’n North-Est a Arsia Mons,242,-118,-2
39,ESP_051816_2035,http://www.uahirise.org/kw/ESP_051816_2035,,Kanolyow yn Olympica Fossae,244,-116,23
40,ESP_046212_1970,http://www.uahirise.org/kw/ESP_046212_1970,,Tiredh y’n Ranndir Tharsis,246,-114,17
41,ESP_051829_1755,http://www.uahirise.org/kw/ESP_051829_1755,,Pytt yn mysk Godenowyow yn Ranndir Noctis Labyrinthus dhe'n West,252,-108,-4
42,ESP_051763_1745,http://www.uahirise.org/kw/ESP_051763_1745,,Gwiskasow yn Noctis Labyrinthus,254,-106,-5
43,ESP_043007_2065,http://www.uahirise.org/kw/ESP_043007_2065,,Kowdoll war Amal Islonk,260,-100,26
44,ESP_043086_2290,http://www.uahirise.org/kw/ESP_043086_2290,,Kowdoll a dermyn dororiethel a-dhiwedhes,260,-100,49
45,ESP_043099_2310,http://www.uahirise.org/kw/ESP_043099_2310,,Ow korwolyas kowdoll rewek,265,-95,51
46,ESP_043033_2350,http://www.uahirise.org/kw/ESP_043033_2350,,Pyttow war Leur Kowdoll y’n Ranndir Alba Patera,267,-93,55
47,ESP_043086_1715,http://www.uahirise.org/kw/ESP_043086_1715,,Godhesow dowrhes gwann-liwys yn Noctus Labrinthus a'n howldrevel,268,-92,-8
48,ESP_051868_1745,http://www.uahirise.org/kw/ESP_051868_1745,,Valles Marineris a'n West,268,-92,-5
49,ESP_042980_2450,http://www.uahirise.org/kw/ESP_042980_2450,,Plenys Kosel a'n Wogledh a Veurth,270,-90,65
50,ESP_051815_1855,http://www.uahirise.org/kw/ESP_051815_1855,,Le Strekys Nowydh Potencyal,273,-87,5
51,ESP_051814_2640,http://www.uahirise.org/kw/ESP_051814_2640,https://www.uahirise.org/anaglyph/singula.php?ID=ESP_051814_2640,Digudhans a Wodhesow Gwiskasek y’n Pennaghel North,277,-83,84
52,ESP_051828_1990,http://www.uahirise.org/kw/ESP_051828_1990,,Frosow war-nans Fosow Kowdoll yn RanndirÂ dhe'n West a Echus Chasma,278,-82,19
53,ESP_046211_1345,http://www.uahirise.org/kw/ESP_046211_1345,,Sampel Tiredh Kres-Dorles,282,-78,-45
54,ESP_041134_1720,http://www.uahirise.org/kw/ESP_041134_1720,,Godhesow Divers yn Melas Chasma,283,-77,-8
55,ESP_051762_1750,http://www.uahirise.org/kw/ESP_051762_1750,https://www.uahirise.org/anaglyph/singula.php?ID=ESP_051762_1750,Talbennow yn Candor Chasma,283,-77,-5
56,ESP_042993_1750,http://www.uahirise.org/kw/ESP_042993_1750,http://www.uahirise.org/anaglyph/singula.php?ID=ESP_042993_1750,Difurvyansow yn Leur Ophir Chasma,288,-72,-5
57,ESP_051775_1705,http://www.uahirise.org/kw/ESP_051775_1705,https://www.uahirise.org/anaglyph/singula.php?ID=ESP_051775_1705,Godhesow Gwann-Liwys a-hys Leur Melas Chasma a’n North-Est,289,-71,-10
58,ESP_043006_1685,http://www.uahirise.org/kw/ESP_043006_1685,,Ow Korwolya an Runyow yn Coprates Chasma a'n Howlsedhes,292,-68,-12
59,ESP_043019_1660,http://www.uahirise.org/kw/ESP_043019_1660,,Nasyow Aeolek yn Islonk Coprates,297,-63,-14
60,ESP_051867_1730,http://www.uahirise.org/kw/ESP_051867_1730,,Tenewen a'n West a Diredh yn Islonk Hydrae,297,-63,-7
61,ESP_046210_2070,http://www.uahirise.org/kw/ESP_046210_2070,,Lobo Vallis,299,-61,27
62,ESP_051880_1755,http://www.uahirise.org/kw/ESP_051880_1755,,Runyow yn Islonk Juventae,299,-61,-5
63,ESP_043071_2550,http://www.uahirise.org/kw/ESP_043071_2550,,Yey Treussplanadow war Dewynnow,300,-60,75
64,ESP_051840_2400,http://www.uahirise.org/kw/ESP_051840_2400,,Savnow gans Lesansow Bras a Wodhes,302,-58,60
65,ESP_043098_1650,http://www.uahirise.org/kw/ESP_043098_1650,http://www.uahirise.org/anaglyph/singula.php?ID=ESP_043098_1650,Tewynnow ow kodha ha dorslynkyow yn Cooperates Chasma,303,-57,-15
66,ESP_051827_1985,http://www.uahirise.org/kw/ESP_051827_1985,,Estowlans Diglos Possybyl a Gowdoll Medrissa,304,-56,18
67,ESP_051748_1660,http://www.uahirise.org/kw/ESP_051748_1660,,Dorslynkyow yn Coprates Chasma,305,-55,-14
68,ESP_043058_2140,http://www.uahirise.org/kw/ESP_043058_2140,,Saven war Nilokeras Scopulus,306,-54,34
69,ESP_046210_1340,http://www.uahirise.org/kw/ESP_046210_1340,,Drummow Kromm yn Nereidum Montes,309,-51,-45
70,ESP_051827_1645,http://www.uahirise.org/kw/ESP_051827_1645,,Owth Aspia an Runyow yn Capri Chasma,309,-51,-15
71,ESP_051748_1340,http://www.uahirise.org/kw/ESP_051748_1340,https://www.uahirise.org/anaglyph/singula.php?ID=ESP_051814_1340,Apron Atal Lappa-furvys yn Nereidum Montes,310,-50,-46
72,ESP_051814_1340,http://www.uahirise.org/kw/ESP_051814_1340,https://www.uahirise.org/anaglyph/singula.php?ID=ESP_051814_1340,Apron Atal Lappa-furvys yn Nereidum Montes,310,-50,-46
73,ESP_043005_1920,http://www.uahirise.org/kw/ESP_043005_1920,http://www.uahirise.org/anaglyph/singula.php?ID=ESP_042715_1920,An Tir Ynyal a Hypanis Valles,314,-46,12
74,ESP_051774_1780,http://www.uahirise.org/kw/ESP_051774_1780,,Tiredh Meur y Dheray yn Xanthe Terra,314,-46,-2
75,ESP_051853_1790,http://www.uahirise.org/kw/ESP_051853_1790,,Tommen Bossybyl yn Deray Aromatum,316,-44,-1
76,ESP_051866_2095,http://www.uahirise.org/kw/ESP_051866_2095,https://www.uahirise.org/anaglyph/singula.php?ID=ESP_051866_2095,Kowdoll gans Runyow Serth,320,-40,29
77,ESP_043071_1435,http://www.uahirise.org/kw/ESP_043071_1435,,Kanolyow y’n Estowlans Kowdoll Hale,321,-39,-36
78,ESP_043097_1985,http://www.uahirise.org/kw/ESP_043097_1985,http://www.uahirise.org/anaglyph/singula.php?ID=ESP_043519_1985,Kowdoll Zir yn Chryse Planitia,323,-37,19
79,ESP_043018_1745,http://www.uahirise.org/kw/ESP_043018_1745,,Nasyow Gwiskasek yn Deray Aurorae,324,-36,-6
80,ESP_043031_1895,http://www.uahirise.org/kw/ESP_043031_1895,https://www.uahirise.org/anaglyph/singula.php?ID=ESP_042741_1895,Savnow war Fos Kowdoll yn Simud Valles,324,-36,10
81,ESP_051800_1930,http://www.uahirise.org/kw/ESP_051800_1930,https://www.uahirise.org/anaglyph/singula.php?ID=ESP_051800_1930,Run a Gowdoll yn Tiu Valles,324,-36,13
82,ESP_043084_1560,http://www.uahirise.org/kw/ESP_043084_1560,https://www.uahirise.org/anaglyph/singula.php?ID=ESP_043084_1560,Godhes Lesans Gwann-Liwys Ogas dhe Gowdoll Eberswalde,326,-34,-24
83,ESP_051879_1605,http://www.uahirise.org/kw/ESP_051879_1605,https://www.uahirise.org/anaglyph/singula.php?ID=ESP_046196_1605,Pigern Loskvenydhyek Byghan yn Bason Ladon Valles,329,-31,-20
84,ESP_043097_1475,http://www.uahirise.org/kw/ESP_043097_1475,,Kanolyow ha daffar haval orth lin dhe'n north-est a Gowdoll Hale,330,-30,-32
85,ESP_046209_1845,http://www.uahirise.org/kw/ESP_046209_1845,,Kowdoll Ogas dhe Dheray Hydaspis,330,-30,4
86,ESP_051747_1590,http://www.uahirise.org/kw/ESP_051747_1590,,Godhesow Gwiskasek Gwann-liwys a-hys Leur Ladon Valles,331,-29,-21
87,ESP_051813_1575,http://www.uahirise.org/kw/ESP_051813_1575,,Kowdell Strekys Liesek yn Ladon Valles,331,-29,-22
88,ESP_046209_1390,http://www.uahirise.org/kw/ESP_046209_1390,,Tewynnow A-ji dhe Gowdoll Arkhangelsky,335,-25,-41
89,ESP_043057_1985,http://www.uahirise.org/kw/ESP_043057_1985,,Tiredh yn Ranndir Oxia Palus,336,-24,18
90,ESP_051839_1985,http://www.uahirise.org/kw/ESP_051839_1985,,Le Tirans Potencyal rag ExoMars yn Oxia Palus,336,-24,18
91,ESP_042991_2020,http://www.uahirise.org/kw/ESP_042991_2020,http://www.uahirise.org/anaglyph/singula.php?ID=ESP_042991_2020,Savla Tira Ombrofyer Meurth 2020 yn Kowdoll Mclaughlin,338,-22,22
92,ESP_043070_2025,http://www.uahirise.org/kw/ESP_043070_2025,http://www.uahirise.org/anaglyph/singula.php?ID=ESP_028354_2025,Tiredh a-ji dhe Gowdoll Mclaughlin,338,-22,22
93,ESP_051760_1655,http://www.uahirise.org/kw/ESP_051760_1655,,Follenowsilikat Gwann-liwys yn Margaritifer Terra,338,-22,-15
94,ESP_051773_2040,http://www.uahirise.org/kw/ESP_051773_2040,,Tenewen an West Kowdoll Oyama,339,-21,24
95,ESP_040565_1525,http://www.uahirise.org/kw/ESP_040565_1525,https://www.uahirise.org/anaglyph/singula.php?ID=ESP_040565_1525,Le Tirans Potencyal rag Kanaseth 2020 yn Kowdoll Kashira,341,-19,-27
96,ESP_051852_2020,http://www.uahirise.org/kw/ESP_051852_2020,,Savla Tirans Ombrofyer ExoMars yn Mawrth Vallis,343,-17,22
97,ESP_043083_1880,http://www.uahirise.org/kw/ESP_043083_1880,,Tiredh Dynyansek yn Aram Dorsum,348,-12,8
98,ESP_043004_1525,http://www.uahirise.org/kw/ESP_043004_1525,,Arenep a Liw Golow gans Drummow Kettuel a-ji Kowdoll,349,-11,-27
99,ESP_043096_2140,http://www.uahirise.org/kw/ESP_043096_2140,,Mesaow a-ji seudh yn Arabia Terra a'n north-west,349,-11,34
100,ESP_043043_2250,http://www.uahirise.org/kw/ESP_043043_2250,http://www.uahirise.org/anaglyph/singula.php?ID=ESP_043109_2250,Kesweythres ynter Mesa ha Fros yn Acadilia Planitia,353,-7,45
101,ESP_051812_1840,http://www.uahirise.org/kw/ESP_051812_1840,https://www.uahirise.org/anaglyph/singula.php?ID=ESP_050744_1840,Tirwedhow yn Arabia Terra,354,-6,4
102,ESP_013954_1780,http://www.uahirise.org/kw/ESP_013954_1780,,Olow Gwedhra an Gwandryas Opportunity Ogas dhe Gowdoll Victoria,355,-5,-2
103,ESP_051759_2220,http://www.uahirise.org/kw/ESP_051759_2220,https://www.uahirise.org/anaglyph/singula.php?ID=PSP_007506_2220,Talbennow ha Pigern yn Acidalia Planita,355,-5,42
104,ESP_051878_1775,http://www.uahirise.org/kw/ESP_051878_1775,,Park Tewyn yn Kowdoll Endeavour,355,-5,-2
105,ESP_051825_1900,http://www.uahirise.org/kw/ESP_051825_1900,https://www.uahirise.org/anaglyph/singula.php?ID=ESP_051825_1900,Gwelidor Gwiskasek y'n Ranndir a Arabia,0,0,10
106,ESP_042989_2650,http://www.uahirise.org/kw/ESP_042989_2650,,Tirwel Teg a Dewynnow Pennaghlek,1,1,85
107,ESP_043003_2480,http://www.uahirise.org/kw/ESP_043003_2480,,Rew Tarosvannus a'n Seson y'n Ranndir Pennaghlek a Veurth,1,1,68
108,ESP_051838_1925,http://www.uahirise.org/kw/ESP_051838_1925,,Gwiskasow ha Tewynnow y'n Ranndir Arabia,4,4,12
109,ESP_043069_1905,http://www.uahirise.org/kw/ESP_043069_1905,,Ow Korwolyas an Tewynnow yn Arabia Terra,9,9,11
110,ESP_051798_2285,http://www.uahirise.org/kw/ESP_051798_2285,https://www.uahirise.org/anaglyph/singula.php?ID=ESP_051798_2285,Nasyow Lappa-Furvys,11,11,48
111,ESP_051877_2285,http://www.uahirise.org/kw/ESP_051877_2285,https://www.uahirise.org/anaglyph/singula.php?ID=ESP_051798_2285,Nasyow Lappek,11,11,48
112,ESP_051851_1760,http://www.uahirise.org/kw/ESP_051851_1760,,Nammow Tewl war Leur Kowdoll dhe'n West a Gowdoll Schiaparelli,12,12,-4
113,ESP_051785_1560,http://www.uahirise.org/kw/ESP_051785_1560,https://www.uahirise.org/anaglyph/singula.php?ID=ESP_051785_1560,Devnydh Gwann-Liwys Diglos yn Kowdoll Bakhusyen,16,16,-24
114,ESP_051811_1765,http://www.uahirise.org/kw/ESP_051811_1765,https://www.uahirise.org/anaglyph/singula.php?ID=ESP_051811_1765,Karrek Wiskashes yn Kowdoll dhe’n Est a Gowdoll Schiaparelli,23,23,-3
115,ESP_051824_2185,http://www.uahirise.org/kw/ESP_051824_2185,,Menegow Fros yn Nans Byghan,24,24,38
116,ESP_051890_1815,http://www.uahirise.org/kw/ESP_051890_1815,https://www.uahirise.org/anaglyph/singula.php?ID=ESP_052167_1815,Tewyn Tewl ha Gwann-liwys yn Arabia Terra,26,26,1
117,ESP_043094_2570,http://www.uahirise.org/kw/ESP_043094_2570,,Tewynnow ha kowdoll koth eskniys y'n ranndir pennaghlek,30,30,77
118,ESP_051784_2450,http://www.uahirise.org/kw/ESP_051784_2450,,Le Strekys Potencyal A-Dhiwedhes ha Menegow a Dhorrew,30,30,65
119,ESP_051824_1600,http://www.uahirise.org/kw/ESP_051824_1600,,Ow Korwolya Run Kowdoll Strekys,31,31,-20
120,ESP_051890_1365,http://www.uahirise.org/kw/ESP_051890_1365,,Kowdoll Gwithys yn ta gans Estowlans Gwiskasek,32,32,-43
121,ESP_040484_1325,http://www.uahirise.org/kw/ESP_040484_1325,,Tewynnow gans Savnow,34,34,-47
122,ESP_040563_1565,http://www.uahirise.org/kw/ESP_040563_1565,,Godhes Karnek war Leur Kowdoll,34,34,-23
123,ESP_014335_1450,http://www.uahirise.org/kw/ESP_014335_1450,https://www.uahirise.org/anaglyph/singula.php?ID=ESP_014335_1450,Polter Splann ha Tewes Tewl,37,37,-35
124,ESP_042989_1530,http://www.uahirise.org/kw/ESP_042989_1530,,Drummow Kromm yn Kowdoll,38,38,-27
125,ESP_051797_2260,http://www.uahirise.org/kw/ESP_051797_2260,,Massif yn Deuteronilus Mensae,40,40,45
126,ESP_043028_2420,http://www.uahirise.org/kw/ESP_043028_2420,,Tirwedh Sowdhanus a Blenys an Kledh,41,41,61
127,ESP_051810_2330,http://www.uahirise.org/kw/ESP_051810_2330,,Kowdoll Strekys Omhwelys yn Vastitas Borealis,43,43,53
128,ESP_043041_2230,http://www.uahirise.org/kw/ESP_043041_2230,,Mensaow Protonilus,46,46,43
129,ESP_046206_2060,http://www.uahirise.org/kw/ESP_046206_2060,,Pervedh a Gowdoll Flammarion,48,48,26
130,ESP_051863_1370,http://www.uahirise.org/kw/ESP_051863_1370,,Silica yn Hella Planitia,48,48,-43
131,ESP_051889_2230,http://www.uahirise.org/kw/ESP_051889_2230,,Fros a-hys Mesa yn Protonilus Mensae,48,48,43
132,ESP_051744_2095,http://www.uahirise.org/kw/ESP_051744_2095,,Ow korwolyas Le Strekys Nowydh,49,49,29
133,ESP_043094_1545,http://www.uahirise.org/kw/ESP_043094_1545,,Gwelidor gwiskasek war woles kowdoll,51,51,-25
134,ESP_051757_2250,http://www.uahirise.org/kw/ESP_051757_2250,,Linennow a Byttow yn Protonilus Mensae,52,52,45
135,ESP_051836_2195,http://www.uahirise.org/kw/ESP_051836_2195,,Menegow Fros Rewivek yn Nans,56,56,39
136,ESP_043001_2435,http://www.uahirise.org/kw/ESP_043001_2435,,Tiredh Plenys a'n Wogledh,57,57,63
137,ESP_043093_2565,http://www.uahirise.org/kw/ESP_043093_2565,,Tewynnow yeyn pennaghlek,58,58,76
138,ESP_051809_2565,http://www.uahirise.org/kw/ESP_051809_2565,,Brithweyth a Dewynnow Pennaghlek,58,58,76
139,ESP_051757_1580,http://www.uahirise.org/kw/ESP_051757_1580,https://www.uahirise.org/anaglyph/singula.php?ID=ESP_051757_1580,Gwaskasieth Diglos Da yn Fos Gowdoll,62,62,-22
140,ESP_051849_2070,http://www.uahirise.org/kw/ESP_051849_2070,,Ow Studhya an Runyow a Dewynnow rag Dorslynkyow,63,63,27
141,ESP_040537_0950,http://www.uahirise.org/kw/ESP_040537_0950,,Tirwedh yn Ranndir Henwys Giza,65,65,-85
142,ESP_051836_1345,http://www.uahirise.org/kw/ESP_051836_1345,https://www.uahirise.org/anaglyph/singula.php?ID=ESP_051836_1345,Savnow Gwius yn Hella Planitia,67,67,-45
143,ESP_043080_2045,http://www.uahirise.org/kw/ESP_043080_2045,,Folsyow war Leur Kowdoll ha Drummow Tewyn,68,68,24
144,ESP_051875_2135,http://www.uahirise.org/kw/ESP_051875_2135,,Tiredh ogas dhe Nilosyrtis Mensae,73,73,33
145,ESP_040522_1565,http://www.uahirise.org/kw/ESP_040522_1565,https://www.uahirise.org/anaglyph/singula.php?ID=ESP_040522_1565,Gwynsell Fennleysel yn Kowdoll ryb an Kehysedh,74,74,-23
146,ESP_043027_2025,http://www.uahirise.org/kw/ESP_043027_2025,,Gorwolyas an Runyow ogas dhe Nili Fossae,74,74,22
147,ESP_043093_1965,http://www.uahirise.org/kw/ESP_043093_1965,,"Kowdoll strekys gwithys yn ta, 6 kilometer a-dreus, yn rannvro Syrtis Major",74,74,16
148,ESP_051862_1550,http://www.uahirise.org/kw/ESP_051862_1550,,Gwelidor dhe'n North a Hellas Planitia,74,74,-25
149,ESP_043066_2575,http://www.uahirise.org/kw/ESP_043066_2575,,Gronn a Dewynnow Pennaghlek gans Fynnglow,76,76,77
150,ESP_046205_2010,http://www.uahirise.org/kw/ESP_046205_2010,,Tiredh Karnek ogas dhe Nili Fossae,77,77,21
151,ESP_051809_1955,http://www.uahirise.org/kw/ESP_051809_1955,,Tirwedhow yn Ranndir North-Est a Syrtis Major,78,78,15
152,ESP_051835_2445,http://www.uahirise.org/kw/ESP_051835_2445,,Kowdell Tarosvannus,78,78,64
153,ESP_051888_1990,http://www.uahirise.org/kw/ESP_051888_1990,,Kanel gans Dewyn dhe’n North a Gowdoll Jezero,78,78,19
154,ESP_040482_1855,http://www.uahirise.org/kw/ESP_040482_1855,,Bleyn Kresel a Gowdoll Beruri,81,81,5
155,ESP_043040_1820,http://www.uahirise.org/kw/ESP_043040_1820,http://www.uahirise.org/anaglyph/singula.php?ID=ESP_044728_1820,Gesyon Nans,82,82,2
156,ESP_051743_1735,http://www.uahirise.org/kw/ESP_051743_1735,https://www.uahirise.org/anaglyph/singula.php?ID=ESP_051743_1735,Kowdoll Pur Fresk yn Tyrrhena Terra,82,82,-6
157,ESP_046205_1515,http://www.uahirise.org/kw/ESP_046205_1515,https://www.uahirise.org/anaglyph/singula.php?ID=ESP_046205_1515,Kanolyow yn Kowdoll dhe’n North-Est a Hellas Planitia,84,84,-28
158,ESP_051822_1585,http://www.uahirise.org/kw/ESP_051822_1585,,Gwiskasow yn Kowdoll Millochau,85,85,-21
159,ESP_051769_1845,http://www.uahirise.org/kw/ESP_051769_1845,,Kestavans yn Isdis Planitia a’n Soth,89,89,5
160,ESP_051782_2130,http://www.uahirise.org/kw/ESP_051782_2130,,Le Strekys Potencyal A-Dhiwedhes,90,90,32
161,ESP_043013_2370,http://www.uahirise.org/kw/ESP_043013_2370,,Orth Amal Estowlans a Gowdoll Strekys,91,91,57
162,ESP_043066_1730,http://www.uahirise.org/kw/ESP_043066_1730,,Gorwolyas Tewynnow Kowdoll Briault,94,94,-7
163,ESP_051755_2565,http://www.uahirise.org/kw/ESP_051755_2565,,Tewennow Neythik Meur y'n Ranndir Pennaghlek,95,95,76
164,ESP_046204_2255,http://www.uahirise.org/kw/ESP_046204_2255,https://www.uahirise.org/anaglyph/singula.php?ID=ESP_028600_2255,Orth Amal an Estowlans a Gowdoll Strekys,99,99,45
165,ESP_051782_1385,http://www.uahirise.org/kw/ESP_051782_1385,,Fros ogas ha Reull Vallis,100,100,-41
166,ESP_051795_1590,http://www.uahirise.org/kw/ESP_051795_1590,,Kowdoll 2-kilometer A-Dhiwedhes,102,102,-11
167,ESP_046204_1705,http://www.uahirise.org/kw/ESP_046204_1705,,Ow korwolyas run,108,108,-9
168,ESP_051808_1520,http://www.uahirise.org/kw/ESP_051808_1520,,Or Estowlans a Gowdoll Resen yn Hesperia Planum,109,109,-28
169,ESP_051742_1475,http://www.uahirise.org/kw/ESP_051742_1475,,Gwiskasow Pall yn Promethei Terra,111,111,-32
170,ESP_051821_1540,http://www.uahirise.org/kw/ESP_051821_1540,https://www.uahirise.org/anaglyph/singula.php?ID=ESP_051821_1540,"Estowlans a Gowdoll Gwithys yn ta, Eth Kilometer a-dreus, yn Hesperia Planum",116,116,-26
171,ESP_051833_2615,http://www.uahirise.org/kw/ESP_051833_2615,,Furvyans Kevnisen yn Kowdoll,117,117,81
172,ESP_043051_2635,http://www.uahirise.org/kw/ESP_043051_2635,,Park Tewynn Pennaghlek Teg,119,119,83
173,ESP_051781_2035,http://www.uahirise.org/kw/ESP_051781_2035,,Pyttys ha Seudhow yn Utopia Panitia,119,119,23
174,ESP_051847_1885,http://www.uahirise.org/kw/ESP_051847_1885,,Kowdoll Gwithys yn ta war Leur Kowdoll Ehden,119,119,8
175,ESP_043025_2095,http://www.uahirise.org/kw/ESP_043025_2095,,Tiredh dhe'n North-West a Elysium Mons,129,129,29
176,ESP_051860_1495,http://www.uahirise.org/kw/ESP_051860_1495,,Godhesow Kloridek yn Mysk Karygi Arenep,130,130,-30
177,ESP_051832_2645,http://www.uahirise.org/kw/ESP_051832_2645,,Kowdell Pytt yn Ranndir Pennaghlek a'n North,135,135,84
178,ESP_046203_1770,http://www.uahirise.org/kw/ESP_046203_1770,,Kanel y’n Gwelidor dhe’n Kledh a Gowdoll Gale,136,136,-4
179,ESP_043539_1755,http://www.uahirise.org/kw/ESP_043539_1755,,Eskerdh Curiosity,137,137,-5
180,ESP_051754_1860,http://www.uahirise.org/kw/ESP_051754_1860,,Krestennen Lava yn Elysium Planitia an West,139,139,6
181,ESP_042985_2100,http://www.uahirise.org/kw/ESP_042985_2100,,Pytt ogas dhe Elysium Mons,140,140,30
182,ESP_043051_1890,http://www.uahirise.org/kw/ESP_043051_1890,,Godhesow war Leur Kowdoll y'n Ranndir Elysium,141,141,9
183,ESP_046203_1280,http://www.uahirise.org/kw/ESP_046203_1280,,Drumm yn Eridania Scopulus,141,141,-52
184,ESP_051833_1730,http://www.uahirise.org/kw/ESP_051833_1730,,Gwiskasow dhe'n Soth a Aeolis Mensae,144,144,-7
185,ESP_043064_1830,http://www.uahirise.org/kw/ESP_043064_1830,,Lava Fros ha Pigern Diwreydh yn Cerberus Palus,147,147,3
186,ESP_043011_2195,http://www.uahirise.org/kw/ESP_043011_2195,,Gorwolyas Le Strekys Nowydh,149,149,39
187,ESP_043024_2360,http://www.uahirise.org/kw/ESP_043024_2360,,Gorwolyas Rew a Gowdoll Strekys Byghan,151,151,56
188,ESP_043090_1935,http://www.uahirise.org/kw/ESP_043090_1935,,Linennow gwyns yn rannvro Cerberus,156,156,13
189,ESP_043077_1405,http://www.uahirise.org/kw/ESP_043077_1405,,Manylyon Leur a Gowdoll y'n Kres-Dorlesow Dyghow,157,157,-39
190,ESP_046202_1555,http://www.uahirise.org/kw/ESP_046202_1555,,Kowdoll y’n Kres-Dorlesow Soth,164,164,-24
191,ESP_051753_1535,http://www.uahirise.org/kw/ESP_051753_1535,,Gwynsellow yn Kowdoll dhe'n West a Maadim Vallis,171,171,-27
192,ESP_043063_2060,http://www.uahirise.org/kw/ESP_043063_2060,,Arenep Gwenennek yn Tartarus Montes,172,172,26
193,ESP_046215_1390,http://www.uahirise.org/kw/ESP_046215_1390,,Nansow Berr ha Bas,172,172,-41
194,ESP_046201_2540,http://www.uahirise.org/kw/ESP_046201_2540,,Sampel an Tiredh y’n Kledh a Veurth,174,174,74
195,ESP_051766_1595,http://www.uahirise.org/kw/ESP_051766_1595,,Dorslynk Ogas dhe Maadim Vallis,175,175,-21
196,ESP_043063_1690,http://www.uahirise.org/kw/ESP_043063_1690,,Kowdoll Hen ha Daslenwys gans Amal Eskniys,176,176,-11
197,ESP_042997_1750,http://www.uahirise.org/kw/ESP_042997_1750,http://www.uahirise.org/anaglyph/singula.php?ID=ESP_042997_1750,Kestavans yntra Diw Eghen a Dirwedh yn Lucus Planum a'n West,178,178,-5
198,ESP_051857_2615,http://www.uahirise.org/kw/ESP_051857_2615,,Tewynnow a Gypsum,179,179,82
